PW (ns), DVBL (V)
0.1, 0.0030000000000000027
0.5, 0.010699999999999932
1, 0.020399999999999974
2, 0.03979999999999995
3, 0.05909999999999993