PW (ns), DVBL (V)
0.1, 0.009000000000000008
0.5, 0.033499999999999974
1, 0.06389999999999996
2, 0.12439999999999996
3, 0.1845