Configuration, SVNM (V), SINM (uA)
111, 0.36767930000000004, 24.85
112, 0.3535393, 49.11
123, 0.34646930000000004, 73.10000000000001
122, 0.3535393, 49.11