PW (ns), DVBL (V)
0.1, 0.011399999999999966
0.5, 0.0413
1, 0.0786
2, 0.15249999999999997
3, 0.22559999999999997