PW (ns), DVBL (V)
0.1, 0.0035999999999999366
0.5, 0.013599999999999945
1, 0.0262
2, 0.05119999999999991
3, 0.07599999999999996