PW (ns), DVBL (V)
0.1, 0.0046999999999999265
0.5, 0.01739999999999997
1, 0.03320000000000001
2, 0.06459999999999999
3, 0.09589999999999999