PW (ns), DVBL (V)
0.1, 0.009000000000000008
0.5, 0.033399999999999985
1, 0.06379999999999997 
2, 0.12439999999999996
3, 0.1844
