Configuration, SVNM (V), SINM (uA)
6T FEOL PG, 0.24748000000000003, 27.46
6T BEOL PG, 0.325256, 28.87