Configuration, SVNM (V), SINM (uA)
111, 0.25455000000000005, 24.2
112, 0.289902, 48.15
123, 0.268691, 70.88
122, 0.24748, 47.36