Configuration, WNM (V)
111, 0.2285
112, 0.20350000000000001
123, 0.28911
122, 0.29621000000000003